RecipeIngredientID,RecipeID,IngredientDescription,Quantity,UnitOfMeasure,QuantityInStock,ReorderFlag,ModifierID,ScalingFactorID
123e4567-e89b-12d3-a456-426614174028,123e4567-e89b-12d3-a456-426614174026,Butter,0.5,cup,10.00,0,,
123e4567-e89b-12d3-a456-426614174029,123e4567-e89b-12d3-a456-426614174026,Sugar,0.75,cup,20.00,0,,
123e4567-e89b-12d3-a456-426614174030,123e4567-e89b-12d3-a456-426614174026,Egg,1,large,12.00,0,,
123e4567-e89b-12d3-a456-426614174031,123e4567-e89b-12d3-a456-426614174026,Vanilla extract,1,teaspoon,5.00,0,,
123e4567-e89b-12d3-a456-426614174032,123e4567-e89b-12d3-a456-426614174026,Flour,1.5,cups,50.00,0,,
123e4567-e89b-12d3-a456-426614174033,123e4567-e89b-12d3-a456-426614174026,Baking soda,0.5,teaspoon,10.00,0,,
123e4567-e89b-12d3-a456-426614174034,123e4567-e89b-12d3-a456-426614174026,Salt,0.25,teaspoon,20.00,0,,
123e4567-e89b-12d3-a456-426614174035,123e4567-e89b-12d3-a456-426614174026,Chocolate chips,1,cup,100.00,0,,